0.0,0.7943156,0.0,1.302584,0.66984105,0.0,0.8546564,2.8138769,3.1022692,0.0,1.6221112,0.36641872,0.0,0.0,0.0,2.0629473,0.0,0.0,2.76562,1.2373079,0.0,2.4356148,0.0,0.0,1.5748899,0.0,0.15238118,3.7942262,0.0,0.11104882,0.2490747,0.0,1.71218,0.055514034,0.55788225,0.0,0.0,0.72615415,0.0,1.9568167,0.0,0.37696043,0.55269486,0.0,0.0,0.9278929,2.4829805,1.1565938,0.46305004,1.2702051,2.134763,1.7106923,2.5714428,0.42062348,1.1551026,0.0,1.2225182,0.0,0.0,0.0,1.5616795,4.9958553,0.97598696,0.0
1.0867482,0.702422,0.9073082,0.0,2.6207697,0.20075886,0.0,0.0,0.94376314,0.0,0.0,1.9463726,0.0,1.8503783,0.0,0.0,0.74998677,0.0,0.63695836,1.2876874,0.0,0.0,1.1957105,3.601151,0.0,0.8959515,0.0,2.415744,3.0303533,2.9866636,0.0,1.1714084,0.0,0.0,1.8144146,0.06798537,0.4763092,0.55984205,0.0,0.0,0.0,1.4481599,0.0,0.0,0.0,0.0,0.0,1.0463622,0.0,2.2566772,0.0,0.0,1.0501287,3.0853279,0.0,0.0,5.0849605,0.0,1.3501544,0.0,0.0,0.0,2.2280934,0.0
0.8997593,0.0,4.587417,0.0,0.0,0.0,0.0,0.0,4.282175,0.0,0.0,0.0,1.0979532,0.9712224,0.0,0.7273358,0.0,0.0,0.6543899,3.7268002,0.0,4.4214954,0.91044676,0.6725776,0.48380464,2.6149774,0.0,2.5014827,1.4715346,0.0,0.0,0.822261,0.0,1.3375823,0.0,0.0,0.0,4.7982483,0.64005697,0.0,0.66013277,3.3571405,2.1809769,0.0,0.0,0.14480132,3.8246448,0.0,0.5138163,0.45410666,1.322508,0.0,1.6660119,0.0,0.0,0.0,0.0,0.0,0.0,2.4613733,0.0,0.0,1.2074881,2.4653094
2.1513286,1.5756953,0.0,1.4854941,0.0,0.0,0.0,0.0,0.0,0.6395745,0.0,0.0,1.4826998,0.51631856,0.0,0.0,0.0,0.0,0.0,0.2943879,1.4170682,3.7740006,0.0,1.6910008,4.3872705,1.5310836,0.87956506,0.0,0.12029364,2.7235441,2.7276828,0.1767013,1.1526736,2.3437808,0.0,3.2704234,0.0,0.0,3.6869712,0.0,0.34257916,0.0,0.35664433,0.0,0.0,0.8842711,2.3942592,3.5661318,0.0,0.6561457,0.0,0.81937593,0.0,3.5540068,3.0487142,0.0,3.5096319,0.35036227,0.0,0.0,0.0,0.0,0.0,4.8008223
0.47586137,0.0,0.0,0.0,3.0632563,0.12421247,0.3870865,1.8126113,0.97359556,0.0,0.65761364,0.29646814,0.0,0.0,0.100650676,2.4112387,2.6203153,1.3438754,1.5134835,0.0,0.6980282,1.5783144,3.359573,0.0,2.9156814,0.0,0.36938894,0.6885901,0.0,2.4648707,0.0,0.0,0.0,0.0,1.0580245,0.0,3.8602684,0.0,0.0,0.74957925,0.0,0.0,1.7910935,5.21341,1.6319867,0.0,0.0,0.4395728,0.22808704,0.0,0.0,0.0,0.0,0.0,2.5549815,0.86892956,0.0,0.0,0.0,0.0,3.7084851,2.5156877,0.0,0.0
0.0,0.0,3.0155964,0.0,0.0,2.6391103,1.2136332,0.0,0.6154609,0.0,1.0046539,0.0,5.7866,0.17722069,0.0,0.0,0.58025306,0.50686765,0.0,0.39591593,0.0,0.0,0.0,0.0,0.0,0.0,1.2663387,0.57055616,2.8482144,0.20005058,0.0,0.0,0.5743225,0.5244991,0.0,0.0,0.96538454,0.0,2.1384058,0.0,0.0,2.60727,0.58436555,0.0,0.0,0.0,0.56126165,0.0,0.0,0.0,0.0,0.64819735,3.31916,0.0,0.0,0.0,0.0,0.37687972,0.40109766,0.0,0.6246059,1.790982,0.0,0.12873356
0.0,0.0,0.0,0.0,4.6121254,3.614337,1.155474,0.0,0.0,0.0,0.0,2.0212026,0.0,4.5503826,1.9006635,0.46176708,1.2193501,2.125187,0.0,0.0,1.7670835,1.3569833,1.7885416,1.2190998,1.173514,3.0305486,0.0,0.0,0.0,0.0,0.41752133,0.0,0.0,0.0,0.0,0.0,1.7484288,0.0,0.0,0.0,0.0,1.8687401,0.24856663,0.0,0.0,0.0,0.0,1.7277561,1.27071,0.6087334,1.1637748,0.0,0.0,0.0,0.0,0.0,0.3116871,0.0,0.0,1.1042682,0.0,0.0,0.0,0.0
2.7260683,0.5325764,0.0,0.0,0.34007978,1.3306595,0.9893936,2.5051966,0.0,2.6416323,0.0,0.0,0.3495817,1.9394208,0.0,0.0,0.25560367,0.0,0.0,2.2222939,0.0,0.0,0.0,3.7006812,3.6731899,1.8396974,5.9133797,5.4249663,0.0,0.0,0.47429258,0.0,0.0,1.5335788,1.3685043,0.0,0.0,2.989791,0.0,0.0,0.0,0.0,0.7053872,0.0,0.0,2.2159567,0.0,0.0,0.0,0.0,0.0,2.8483078,0.0,0.0,2.000031,0.0,0.7909794,0.0,0.0,0.0,0.0,0.0,0.0,0.0
0.6291498,0.0,0.0,0.0,0.0,0.0,0.0,3.826666,0.0,0.0,0.12784919,2.1582067,0.0,3.1692865,0.0,0.791311,0.7862061,1.8358399,0.0,0.0,3.9752638,1.0304085,3.189828,0.0,1.4724445,0.0,0.6867674,2.8386567,0.0,0.0,5.100657,0.0,0.9116891,3.4553611,0.0,2.7391346,2.0317733,0.0,3.1155286,0.5067194,0.077912495,0.0,0.0,0.0,0.0,3.9977896,0.718277,0.0,0.61665934,0.0,2.7861872,0.76463187,1.5325569,1.820897,0.42998812,0.0,2.2951229,0.0,0.0,0.0,0.0,5.157984,3.5988798,0.57324475
0.0,0.9775888,2.610225,0.0,0.0,0.0,2.8191302,0.0,0.1058715,0.09968661,0.0,0.0,0.0,0.0,0.28428823,3.6229582,1.815151,0.0,0.0,0.0,0.8724983,0.0,0.0,0.64396363,0.6405257,0.0,0.52838814,0.0,0.8669502,2.951817,2.0722604,0.0,0.16681102,2.4512842,1.0843555,2.9197145,0.9135748,0.0,0.0,0.0,0.0,1.0863308,0.0,0.0,0.0,0.0,7.986958,0.6489516,0.0,1.2375356,3.4417305,0.0,0.0,1.81617,0.0,0.0,0.0,0.67694384,0.0,0.0,0.0,2.548283,1.5731196,0.0
0.21336251,0.0,0.5677848,2.8010473,0.0,2.9023457,0.0,0.6252397,0.0,2.0302567,2.2385921,0.38314673,2.974367,0.0,0.0,0.0,1.9959499,2.7305434,1.8983988,0.0,0.87230057,0.0,2.6875346,0.3411859,0.0,0.0,1.1852635,0.0,0.0,0.0,3.737474,0.0,1.0666685,0.0,1.1072102,3.757374,1.5047694,0.0,0.0,0.06194561,0.32446688,1.944816,0.0,0.5620923,1.4566115,0.0,0.0,0.15510975,2.479121,0.0,1.2584755,0.26055357,1.5364991,1.5067191,3.0455158,0.0,0.0,0.39386764,1.6387185,0.0,0.32380727,3.9199276,0.0,0.6210648
0.0,0.0,0.0,0.16723627,0.42670327,0.0,0.0,0.0,0.0,0.0,0.0,3.3338766,0.0,2.2243073,0.0,1.5220275,0.0,0.0,0.0,0.0,3.7589874,0.0,0.0,0.0,2.9223404,0.0,0.0,0.0,0.0,1.3327703,1.5959008,2.1851566,0.1551994,1.7915238,0.38755056,0.262016,1.6320275,3.276123,0.0,0.0,2.2111702,0.0,0.23988271,0.18158908,2.109675,1.9060866,0.0,0.0,0.0,1.5466077,0.0,0.0,0.0,1.2151195,0.0,0.0,1.5473584,0.0,3.072491,1.1639726,0.0,0.0,0.0,0.0
0.0,0.0,2.7296638,0.0,0.0,1.212774,0.42648056,0.0,0.0,2.6587572,0.0,2.3533762,0.0,0.0,0.32822222,0.5406715,0.0,1.2823764,0.53117085,0.0,0.0,0.0,0.0,1.6600881,0.0,0.78112715,0.0,0.29360524,0.0,2.0411124,2.070016,1.3695283,0.0,1.27971,1.1830192,0.0,1.4295354,0.3573148,0.0,3.1799679,0.69175524,5.2009587,0.0,0.0,0.0,0.0,5.1710367,0.0,0.0,0.0,1.1140107,0.16367663,0.0,2.4425335,4.4861584,0.0,0.0,0.92656994,0.0,0.0,2.1644306,0.7745352,1.8670038,0.0
0.0,0.0,0.0,0.0,0.48355174,0.0,0.0,0.0,0.0,0.645076,0.0,0.0,0.0,0.0,0.0,1.2171396,0.0,0.0,0.0,0.0,0.0,0.0,0.0,0.5086017,1.3047906,0.0,1.1930703,0.0,0.0,0.0,2.4285316,0.0,2.2277446,0.613335,0.0,0.0,0.0,1.1454366,2.2893612,0.0,0.0,0.3399351,0.0,0.0,0.0,3.602743,1.7935846,1.1505277,0.0,0.0,0.0,0.0,0.0,1.8413424,2.6687415,0.42803538,0.0,0.0,0.58573204,0.0,1.1512102,0.0,0.0,3.4305053
0.4590259,0.0,0.0,0.0,0.0,1.0070448,0.0,1.2195414,0.0,0.0,2.9105844,0.11931432,2.23111,0.0,4.0036635,0.0,0.0,0.0,0.0,1.7956365,0.0,0.49650583,1.4898436,3.0958452,0.0,0.0,0.0,0.0,0.0,0.0,2.6458864,0.0,0.0,0.93391925,3.3941448,0.12298219,0.0,0.40460363,0.0,1.0076036,1.6739341,0.9390196,0.0,0.0,0.0,0.0,3.7169766,0.0,0.0,0.0,0.0,0.0,0.0,0.0,0.0,0.0,0.0,0.0,2.5554132,4.797943,0.0,1.9395411,0.28627706,0.0
1.1619401,0.0,0.0,0.0,0.0,0.0,0.0,0.0,0.0,0.0,1.7871418,0.0,2.1901505,0.0,0.0,1.2813283,5.079356,0.0,0.0,0.65798414,1.0531975,0.0,0.48667642,3.1444046,0.0,1.2937152,2.0857863,0.0,0.0,0.8594386,1.483939,0.0,0.0,0.0,3.2684388,0.0,0.0,3.2637908,0.0,0.0,0.0,0.5297872,0.0,0.0759299,3.977525,0.0,2.5798264,0.0,0.0,0.0,2.9938138,0.66414255,1.8280796,0.0,0.0,0.0,2.1066387,1.7716694,0.0,1.1035376,0.0,0.0,0.9438789,0.0
0.0,1.0049043,0.0,2.3267336,0.0,0.0,1.6933807,1.4247785,0.23162565,0.33750868,4.436518,0.0,0.0,2.7835848,0.4386752,0.0,0.0,0.2774236,0.0,0.0,1.3819638,3.5536711,0.31064832,0.0,1.1899956,0.0,1.6452886,2.3227646,0.0,1.598344,0.0,0.0,0.0,2.0054274,4.8100553,0.35056436,1.4025352,0.35428497,2.5831437,1.800803,0.31409773,0.34117693,1.3389863,0.0,0.0,0.0,0.0,1.256886,1.9133894,0.0,2.1460853,0.63343835,0.6191355,4.6253943,1.0036792,1.2182434,0.65816045,2.9202108,0.004988111,0.0,0.6160402,0.27705252,0.0,0.0
1.6800678,3.9978068,0.0,0.7234474,0.9498899,0.0,2.6817005,1.2858872,1.1877968,3.1767871,2.3807254,2.9213266,2.85981,0.5179618,1.8368047,0.6137749,0.0,7.010909,0.021177305,0.8981493,0.0,2.702122,0.0,4.139552,1.7597356,0.0,0.0,0.0,2.854636,0.0,0.0,2.993839,0.0,0.0,1.0422065,2.1094835,0.0,1.9195868,0.0,0.0,0.75352365,2.230492,0.0,0.0,0.0,0.0,0.74397445,0.8905649,0.0,1.6391058,1.2968292,0.0,0.0,0.0,0.0,0.0,0.8456362,0.0,0.0,0.0,0.0,0.0,0.0,0.0
1.2570285,0.0,0.0,0.0,0.0,0.0,0.0,0.64561474,4.1271415,5.2872915,0.0,0.0,0.0,0.06645755,0.0,0.0,2.4410005,1.9332696,1.3285488,0.0,0.0,0.0,0.0,1.965423,3.113132,0.0,0.0,4.236658,0.0,0.0,0.015051542,0.64629245,0.0,0.5063773,1.0134279,0.0,0.44391376,0.059880614,1.9923255,3.547889,0.0,0.37755683,2.5570095,1.358583,2.9641266,0.24798241,0.0,0.0,0.0,0.9656462,0.0,1.0241376,0.95222265,4.6679006,0.0,0.0,1.0336365,0.0,3.315097,0.0,0.0,0.0,0.0,2.981037
3.3125606,0.5689131,0.0,5.021487,0.09864787,0.0,1.0498769,0.0,0.0,0.0,0.0,0.60116374,1.6895072,0.0,0.0,0.69516915,2.738367,0.32626796,0.0,0.0,0.0,0.62891346,0.0,0.0,2.8689642,0.0,0.0,0.0,0.0,0.64541084,0.0,4.4163747,0.0,0.0,3.6901436,0.0,1.6788173,0.0,0.607207,0.22346464,0.75598216,1.0046397,1.5657113,0.4568063,0.0,0.0,0.0,0.0,0.0,0.0,5.004844,0.0,0.0,0.0,4.4994783,0.0,0.6618651,1.5225755,1.3105274,3.880296,0.0,1.853157,0.002401937,3.740977
0.0,0.0,2.1526396,1.9707651,0.0,0.0,2.298618,0.0,0.0,2.0377378,0.0,0.351925,2.673748,0.0,0.0,0.0,0.0,0.0,0.0,0.0,2.293326,0.0,0.0,0.0,0.44310305,2.169807,0.0,0.0,0.0,0.0,0.0,0.0,0.0,2.2067323,0.0,1.6561923,0.28344736,0.0,0.0,0.0,0.0,1.1318746,0.0,0.0,0.0,0.0,0.0,0.0,0.0,0.0,2.2374647,0.0,0.0,1.2491742,0.0,1.5334065,0.32784897,2.6646514,0.0,0.59327537,3.8025198,0.51649535,0.0,0.35325474
0.0,0.0,4.4711566,0.0,0.0,0.608144,1.2524014,0.0,0.0,0.0,0.0,1.7312686,0.0,0.0,1.6612327,0.0,0.0,1.1925751,0.7735016,0.0,3.5256436,0.0,0.0,0.31070477,0.0,0.0,0.0,0.0,0.0,0.083071515,0.0,1.1290468,3.2708538,0.0,4.139925,0.0,0.0,0.0,2.0871873,0.0,0.11331285,1.987076,0.0,0.0,0.0,0.039232284,0.0,0.0,0.7647611,0.7422119,0.0,3.4438057,0.0,0.0,4.31677,0.3526804,2.069587,0.0,0.0,0.0,0.0,4.200984,0.0,2.254522
0.17688105,0.0,3.957286,0.0,0.0,0.31909838,6.040177,2.4457736,2.9169152,0.0,1.8827134,1.1742872,0.0,2.118421,0.7258123,0.0,0.3653949,2.4796736,0.0,0.0,2.5188391,0.0,0.30703273,2.9507823,1.0875983,0.0,0.5005781,0.0,0.0,0.0,0.0,0.0,0.0,0.0,2.5158615,0.0,2.2511969,4.481477,0.0,0.0,0.0,0.68091923,0.0,0.0,3.9023895,0.4991483,0.65947807,0.0,0.0,0.0,0.9088403,0.63499427,0.0,0.0,2.0395348,0.0,0.0,2.9777603,1.1195446,0.0,0.0,0.5773373,0.0,0.0
0.6731449,0.0,0.0,1.5046902,0.057473056,0.0,2.149416,0.0,0.0,1.007173,0.0,0.0,2.00046,0.0,2.8766932,0.0,2.0351186,0.5017395,2.3195567,0.0,0.0,0.0,2.1101942,0.0,0.0,4.8061447,1.2437979,0.0,0.48932195,0.0,0.17489332,0.717662,0.0,4.4352655,0.0,0.0,0.0,0.0,0.0,0.0,3.167859,2.382491,0.0,0.0,0.49479723,3.086178,0.0,0.18321347,0.46809947,0.0,0.0,0.0,0.0,1.1948199,0.0,0.7396742,0.0,0.0,1.6777729,0.98185647,0.34784052,2.6888666,0.8904265,3.9442134
0.0,2.0818334,0.33884376,0.0,0.21470498,0.0,1.3379185,0.0,1.1018138,1.5670056,2.6482203,1.5135692,4.459151,1.2616118,3.2626295,2.0172307,0.0,0.0,0.0,0.0,0.7182066,0.0,0.0,0.0,0.0,3.2896833,0.0,0.0,0.48424178,0.0,2.2142198,1.2706587,1.8864958,4.3151064,0.81397796,0.0,0.0,0.0,1.8977723,2.8136678,0.0,1.4000343,2.2293742,0.02676479,0.0,0.0,0.0,3.178331,0.0,0.0,0.37293673,3.4675047,1.8939455,0.4719661,0.4643735,0.4642357,0.0,1.0213459,1.0545864,0.0,0.40743583,0.0,0.62000453,0.0
0.0,0.0,0.0,3.6071637,2.4700418,0.0,4.123743,0.0,0.0,0.87462074,0.0,0.60978913,0.28172627,3.2830064,0.0,1.2509058,0.0,0.0,0.0,0.0,3.0964425,2.7923546,0.13981709,0.0,0.41293398,0.66293144,2.8667688,1.6600913,0.8376992,2.0443022,0.41970092,1.1222738,3.8733485,1.4984444,0.0,0.0,0.0,0.0,0.4558384,0.69217587,0.0,2.1182404,0.3166136,2.0648959,2.1833203,0.0,3.8889835,0.0,0.0,0.0,0.0,0.0,3.1335368,3.0037208,0.0,0.0,1.289758,3.3321674,1.6979138,0.0,1.4613503,0.0,0.0,1.086149
1.4397728,0.6206071,4.901478,0.0,0.0,1.8574282,0.24118686,6.322806,0.0,0.0,0.0,0.0,0.0,0.0,1.0711751,5.1341853,0.42352885,1.1589874,0.92421204,1.8636936,0.48894396,0.0,0.0,6.2213593,0.0,0.0,3.5409048,0.0,2.6442091,0.0,2.1276352,1.90395,2.7735908,0.15594774,0.30256712,4.6030684,0.0,0.0,0.20619503,2.2493162,0.0,0.0,0.0,0.0,0.0,0.0,3.9819949,2.6384246,0.0,0.0,1.026929,2.1379023,0.0,0.0,0.0,2.9508073,0.0,0.0,0.0,2.1808705,0.0,1.376473,0.86975014,0.8850177
0.0,0.44365016,0.0,0.0,0.24159327,0.0,0.0,4.250309,0.23936062,0.4464971,2.9673083,0.0,0.0,3.2607014,0.39290437,0.0,2.7789035,0.0,3.267383,3.051895,2.7627358,0.122621715,0.0,5.5055556,0.0,0.0,6.4373155,1.7865819,0.0,0.0,0.0,0.648516,0.0,3.264738,2.0960042,0.9825116,0.0,0.0,0.8370306,1.1256196,0.0,1.1429919,0.0,0.0,0.0,0.0,0.75303924,0.0,0.17073502,0.0,0.0,0.7983918,0.0,0.0,1.2670112,0.0,3.1495154,0.0,1.1846375,0.0,0.7731788,0.0,1.3772557,0.8504498
0.0,1.6963348,0.0,0.0,1.8484273,6.146148,0.0,0.0,0.82889503,2.9983954,0.0,1.534055,0.0,0.0,1.6761638,0.805231,1.4455161,0.0,0.24732284,0.32239586,0.0,0.37161532,4.538054,0.0,0.0,1.1894509,1.9429189,5.6126432,0.0,0.0,1.2380829,0.0,0.0,0.61114293,2.0711057,2.085419,0.0,0.0,0.8675584,1.104494,0.0,1.7292787,0.0,0.30634964,0.0,1.7226135,0.0,0.46002364,1.4835284,0.22230136,0.0,0.0,1.8085918,0.0,0.0,0.0,0.0,0.0,0.0,0.0,0.0,3.8072393,0.0,2.4471395
1.0452118,0.0,1.5077332,3.4474552,0.0,0.0,0.0,0.0,2.144667,0.0,4.308949,0.0,0.0,0.7522345,0.0,0.0,0.0,2.8640842,0.28264198,0.0,0.0,1.4166602,0.7375411,0.0,1.8225096,0.861114,0.0,0.0,1.4877998,0.28994834,3.452837,0.0,0.0,0.24247919,1.8750669,1.857711,0.0,0.0,2.0524814,0.0,0.0,0.0,1.4944831,2.9663558,0.0,0.0,0.0,0.84033334,0.8044757,0.29503864,1.5564479,1.5593693,0.7073855,0.0,4.7166066,0.0,0.65038574,2.6041996,0.59997445,0.0,2.5285196,1.4484819,0.0,0.0
0.0,1.023902,2.8269093,2.6610732,0.6781132,0.4889877,0.0,0.019507792,0.0,0.0,0.0,5.12718,0.0,0.0,1.699963,0.34517583,0.6971355,0.0,0.0,0.0,0.0,0.0,3.809607,0.0,0.0,2.3517299,8.598398,0.0,0.0,0.0,0.14565317,0.0,0.0,0.0,3.379524,0.0,1.212814,0.0,1.1491481,2.7251148,0.6418084,1.0061398,0.0,1.9980825,0.0,0.0,0.0,1.7551843,0.0,0.0,0.24742109,2.0404868,1.4150045,0.0,0.13636886,0.0,0.0,0.86122435,0.0,1.0878301,0.3759908,0.0,5.9533286,2.4298851
0.0,0.0,0.0,0.38223302,0.54496235,2.6411715,0.0,0.0,0.0,0.87290365,0.61305934,3.1071386,0.0,0.0,0.0,0.0,0.5820967,0.0,5.854463,0.0,0.0,0.74912924,0.4452873,0.0,0.23451492,0.46800673,1.7210556,0.0,0.0,0.9732835,0.0,0.0,0.0676562,0.0,0.011884178,3.8213074,0.5256073,0.0,0.82783973,0.5925658,0.0,3.8258843,0.0,2.993635,0.9694031,4.9862537,0.0,5.8074327,3.0590355,6.5594783,0.0,0.0,0.9219317,0.0,0.0,0.0,3.711394,2.2050607,2.092648,0.0,1.1493173,5.134065,0.0,0.43386585
2.6307685,0.0,0.0,0.0,0.5359109,0.0,0.0,0.0,0.0,0.0,0.0,0.6465265,0.104782596,0.6394613,0.0,0.0,0.0,0.0,0.0,1.2521703,0.0,0.7404432,1.931695,4.480577,0.22203739,0.0,0.8816269,0.0,0.0,0.0,0.0,0.0,1.6149251,0.15231891,0.2466626,1.4903804,0.88276994,0.1795931,4.92627,3.1411862,1.5133553,3.9813848,0.40312076,0.0,0.5033809,0.0,2.2550037,0.938989,1.307884,0.8063896,1.6233159,3.3161206,1.6948766,3.8876119,1.102179,0.0,0.0,2.1007073,0.0,0.57501936,0.0,0.0,0.0,1.8291115
0.0,3.934649,0.0,0.0,0.0,0.9769659,3.3053885,0.0,0.0,2.0490797,0.0,0.0,1.0574256,1.5677956,3.2623124,3.014905,2.7264543,0.9820275,0.99429435,0.0,0.44121066,0.0,0.0,0.0,0.2076972,2.2497714,0.0,0.0,0.0,0.0,0.0,0.20416707,0.52449334,2.171097,0.5559792,0.0,0.0,0.3542027,0.90124726,2.2298775,0.0,0.0,0.0,0.0,2.8871055,0.0,0.0,0.0,0.0,0.7118794,1.0718505,0.0,0.0,0.0,0.0,2.0085626,0.87689745,2.2694316,0.0,0.38363695,0.0,1.6109415,3.5754294,0.0
2.1585143,0.0,0.0,1.5444411,3.1847768,3.0752878,0.0,0.0,0.0,0.0,0.0,2.4134116,1.7604418,0.31185144,1.9229785,0.0,0.0,0.0,2.060793,0.0,0.0,0.92550397,0.0,2.4458878,0.03734036,0.98218143,0.0,0.4308522,2.0531685,0.8243649,3.3972092,2.253084,0.0,0.0,0.2671014,0.0,0.7205405,0.0,1.4117068,0.0,0.48629755,0.0,2.4762115,1.2810155,0.9520895,0.0,1.8887138,0.0,1.04726,0.0,0.0,0.0,0.0,1.483731,1.3628932,0.0,0.0,1.3807585,2.3298514,0.0,1.4835863,1.8502164,0.0,0.0
0.013012606,2.0881157,2.3258138,1.2902795,2.3580241,2.1891189,0.114004366,1.7364024,0.0,0.7334371,1.1657983,1.4449321,0.0,0.0,0.0,0.0,0.0,0.0,0.58523655,0.0,0.46672446,3.539297,5.0893373,0.9111454,0.12039074,5.125273,2.5602322,0.0,3.360571,2.8855543,1.3891239,0.0,0.0,0.0,0.0,0.0,1.0598081,0.0,1.1812686,2.6422224,0.0,0.0,0.5052051,1.7912049,0.0,0.54364264,0.0,0.0,0.50105166,0.0,0.0,1.315349,1.2518619,0.0,0.0,2.2652965,0.0,0.0,4.2383046,5.598935,4.678597,2.9392831,0.0,0.0
5.187946,0.30727863,0.17247318,0.39312753,4.4395456,0.0,0.0,1.2236209,0.0,0.0,3.0492954,0.032189727,2.172907,0.0,0.0,1.2456862,4.3434362,0.0,0.0,0.0,0.75074106,0.0,0.0,0.72975075,0.0,0.0,0.0,0.779691,0.0,0.55283016,4.4319096,1.1198406,0.0,0.0,0.0,0.0,0.0,0.34212005,0.0,0.9761385,0.0,0.8962358,0.0,0.0,0.0,0.0,0.95175564,3.7336862,1.9350573,2.047776,1.9421121,1.082285,0.0,0.0,2.1442697,0.0,4.764158,0.0,2.6071978,0.1222935,2.2513804,0.38210684,0.0,0.0
0.0,1.3159877,0.1252324,0.71182156,0.0,5.355299,0.0,0.0,1.5416348,0.0,3.7515843,1.3834431,0.27211466,0.0,0.0,0.0,0.60841686,2.6858375,0.0,1.871954,0.0,0.0,2.141296,0.0,1.115139,0.0,1.1906878,0.0,2.7781703,6.7148376,0.0,0.8633742,2.2916677,0.62135935,0.0,0.0,1.1021644,2.3456187,0.72989243,0.0,0.0,3.018465,0.0,0.0,0.5705331,2.3011396,0.0,0.0,0.5203838,0.0,0.0,0.0,0.21358311,0.0,5.151329,2.9113412,0.20455293,0.0,0.0,0.0,0.8236418,0.0,0.0,1.6455017
2.599413,1.7677058,1.0771412,0.0,0.0,0.0,0.0,0.0,0.0,0.9198112,1.5985644,4.050511,0.0,3.4044297,0.74128294,0.5358283,0.0,3.1443605,0.0,0.0,0.0,0.2292252,0.53619367,0.7131417,0.0,0.9615235,1.8809416,0.0,2.8641822,1.2745671,0.0,0.0,0.0,1.2740332,1.3592947,0.36509925,2.3439856,0.23435824,0.0,0.91538596,1.0748491,0.0,0.0,1.169448,0.05255654,0.0,0.0,1.5776016,1.1060834,1.4237095,2.0258677,1.37317,2.2749152,0.79500425,1.8235188,0.0,0.94869506,0.87430674,0.0,0.0,0.0,0.0,0.82075536,0.0
0.0,0.71379083,0.0,2.2539265,2.2285664,0.8644152,3.7354286,0.0,1.7170538,1.6618742,2.5214505,0.0,0.0,0.5533478,0.22906029,0.0,0.0823811,0.33481467,0.0,0.686778,0.0,2.0397627,0.0,0.019611007,1.8867637,0.0,0.0,0.052680165,1.9065416,0.88241845,2.4150105,0.55056876,0.0,0.01608564,0.0,0.46416718,1.0955299,0.0,0.0,0.0,3.7269688,0.20623133,1.8969816,3.5266714,3.324079,0.0,0.49619967,2.3834372,0.0,4.3876395,0.0,1.0217304,1.2488984,0.0,0.0,0.9886499,0.68624175,0.0,0.0,2.8752158,0.0,1.9819142,0.0,0.0
0.0,0.0,0.0,1.8173828,2.0133855,0.7038178,0.0,0.0,4.361347,0.0,0.2967471,3.033299,0.0,0.0,5.5556226,0.6660211,0.0,0.0,1.8595434,0.30827442,0.0,0.0,0.0,0.0,0.0,0.7622622,0.0,0.41467905,1.1975384,0.0,0.0,0.11253348,2.5992224,0.0,0.0,0.0,0.0,0.0,2.255734,0.0,0.0,0.0,0.0,0.0,0.70128614,0.0,0.0,0.0,0.0,0.1492921,0.0,0.37735406,0.0,0.5505783,4.0463076,0.0,3.0141888,0.51299083,0.0,0.019193219,4.520448,1.831188,1.6436521,0.0
1.7163012,0.0,1.1621363,3.5909817,2.250105,0.0,0.0,0.0,0.15150873,0.770077,0.0,0.49090093,5.267868,3.206904,0.0,1.8344429,0.0,0.0,2.8961544,3.0635488,1.1394618,0.0,4.2064486,0.0,2.058573,1.0758492,6.976403,1.9874516,0.1860004,0.0,0.0,4.5535574,0.0,0.0,0.5593542,0.24128442,0.0,0.0,4.084644,0.0,0.0,0.0,0.0,1.2235315,0.20781508,2.042253,4.949645,1.0623873,0.7106766,0.0,0.0,0.0,0.0,1.8184372,0.0,0.0,0.1566015,2.7717762,0.0,0.0,0.29719722,4.2352138,0.0,1.2076206
0.0,0.0,0.0,1.6144936,0.75904155,0.0,0.0,0.0,1.0473822,0.0,1.6219989,2.5742755,1.6603785,1.0244505,0.0,4.3617578,0.0,1.2061555,2.377229,1.345404,1.4126518,2.3322248,1.0318927,0.0,0.0,1.4881935,4.13996,3.1347866,0.0,0.0,0.0,5.3508773,0.0,0.49006796,0.0,0.0,0.0,1.6953443,4.245708,1.4622979,1.1532668,0.9222547,0.0,0.0,0.40688077,0.0,1.1173012,0.0,0.71209764,0.0,0.0,0.0,0.15761878,0.0,0.6503315,0.0,3.8950572,0.0,0.0,0.0,6.134146,1.5273341,1.0468239,0.0
3.3390057,0.0,2.047885,0.0,2.3728545,0.0,0.0,0.0,2.101977,0.0,0.0,2.1732209,0.0,0.0,0.0,1.2550471,0.00914612,0.0,0.0,0.07214153,0.0,0.0,1.565235,0.0,0.0,0.0,1.7279878,1.8779761,2.3744717,0.96624887,0.0,4.271679,3.2370975,0.4548491,0.0,3.95369,0.0,0.0,0.0,0.0,0.0,0.35629898,2.401893,0.0,1.7216265,0.80093616,2.0178418,0.0,0.0,0.0,0.0,0.0,0.32939753,1.3707379,0.0,1.2559543,2.272975,0.0,0.0,1.5458351,2.2134333,1.6548407,0.0,2.5726128
0.0,2.9319966,0.8260788,0.2532662,0.41605392,0.0,1.1138519,0.06979013,0.0,3.2063167,0.0,0.0,1.3496673,0.0,0.0,0.9386408,0.0,0.46925688,0.0,0.9925226,1.4040219,0.0,0.0,0.0,0.3181195,1.2059362,2.5645542,0.0,0.0,0.0,0.0,0.0,0.108524255,2.4441423,2.6037993,0.0,0.0,0.6869816,2.8281894,0.0,0.0,0.0,1.9264902,0.0,0.0,0.0,0.0,0.0,5.7667127,4.9317417,0.0,1.5835011,1.6167538,0.33893955,0.0,2.0077615,0.0,3.7588456,0.6168628,0.0,0.0,0.0,0.0,1.1256781
0.0,4.2415705,0.24208665,0.0,0.67015165,0.0,0.0,0.0,0.0,0.23201995,2.2375042,0.62331754,0.0,0.61015195,0.0,1.9929339,0.0,0.9032878,3.5822904,0.0,2.4449284,2.9505606,0.0,0.43923455,1.3357819,0.0,0.6798175,0.0,0.0,1.4157887,0.0,2.527019,1.9474262,0.0,0.0,1.2382314,0.0,5.057624,0.0,0.0,0.0,0.0,0.0,0.0,2.033596,0.0,0.33513394,4.0384135,1.6976635,1.6222644,0.0,0.0,0.0,0.0,0.08206763,0.351599,2.9304166,0.0,0.15659326,0.0,0.0,0.0,0.99391174,0.0
0.0,0.91495,0.0,0.0,1.5925376,4.93304,0.17004466,1.6631261,0.6985288,2.4570873,0.0,1.5811354,0.0,0.0,0.0,0.0,2.4458737,1.141185,0.15502179,0.0,0.1520158,0.8072909,2.401419,1.6874356,0.0,0.7696918,0.0,0.7312428,0.0,2.3686128,0.0,0.0,0.0,0.0,0.0,0.739806,2.3115177,0.0,0.0,0.0,1.8183563,0.83126503,0.17221402,0.0,0.0,1.163373,4.745672,2.426695,0.0,0.0,2.0105186,0.0,0.0,0.0,0.8653906,0.4788056,0.0,1.3817067,0.0,0.0,0.0,0.0,0.64174527,0.5638284
2.937567,0.78118396,0.0,1.0415031,0.0,0.0,0.0,0.98253304,0.11651805,2.5915303,0.0,0.0,5.226583,0.0,0.0,0.0,3.1988451,1.7472141,0.14960408,0.0,0.0,0.0,0.47253886,0.41463485,0.34677553,1.3886142,2.1188881,0.0,0.0,0.0,0.0,0.0,0.0,0.0,0.0,0.0,0.0,3.1316266,1.435066,0.0,0.0,0.0,1.5455712,0.0,0.0,0.16174027,0.42448586,0.0,0.0,1.5697932,0.81575716,0.0,0.0,0.0,0.0,1.3015968,1.0603393,0.4575727,0.0,0.0,0.0,0.0,0.0,4.728108
0.0,2.620258,1.1063926,1.6796874,0.0,0.0,5.8063836,2.8172624,0.34506837,2.255554,0.0,1.0347062,1.074685,0.0,2.01025,1.0601499,2.1699173,0.0,0.0,3.7078757,0.0,0.9461652,3.4692893,4.555334,0.43218818,0.0,0.6106127,0.0,0.64971447,0.0,0.0,0.0,0.61015946,2.8529358,0.0,0.0,0.0,1.5682919,0.0,1.9370785,1.0177703,0.0,0.0,0.0,0.122798815,3.2688563,0.0,0.31712937,0.25648725,0.95509577,0.0,0.0,0.7132061,2.0723433,0.0,0.6917939,0.56077975,0.0,0.0,0.32244867,2.0566266,0.0,0.4268091,0.68187034
0.19141021,0.0,0.0,0.0,0.0,2.039913,0.0,0.0,0.9162684,0.0,0.24158533,0.0,0.0,0.0,0.0,1.0667354,0.0,0.0,2.864803,0.23022197,2.5432036,0.0,1.1456741,0.0,2.3995662,0.0,1.1513135,0.0,0.0,0.0,1.0483553,0.04031551,0.0,3.352446,0.0,2.486346,0.045538805,3.4778976,0.0,0.0,0.0,0.0,0.0,0.83344644,0.0,0.0,2.8177218,0.26658553,0.0,0.0,1.8140962,0.0,0.0,1.7335113,2.4179707,0.3755926,1.6410433,0.0,0.0,0.16965269,0.43482837,0.0,0.0,0.0
0.0,2.0703945,3.2162182,0.0,0.0,0.0,2.0131986,1.5208246,1.5231886,0.0,0.0,0.0,0.0,0.0,2.2658079,0.0,1.3767931,0.0,0.0,2.2835898,1.1182224,0.0,0.0,0.0,0.0,0.0,0.0,0.0,1.6029596,0.0,0.0,0.5963854,2.3532794,0.0,0.0,1.543865,0.0,1.6901469,5.3851013,1.507587,0.51965773,2.447941,0.0,0.0,0.0,3.1186254,1.5987321,6.004993,0.0,0.0,0.0,0.55409694,0.0,1.3454496,0.0,1.9092939,0.7625705,0.0,1.6736474,0.27638063,1.639938,0.0,0.0,0.0
0.2344422,0.08437015,0.0,0.83493197,2.732026,1.9854664,0.0,0.0,1.9386425,3.0366306,0.18358058,0.57325435,0.8504321,0.0,0.0,2.9910002,1.5342414,0.0,0.0,0.0,1.0033904,3.0880053,0.0,0.0,0.0,0.0,4.6621723,0.0,0.29742873,0.0,0.0,0.0,0.7354574,0.0,0.0,0.0,0.43602502,0.0,0.0,3.499264,3.858432,2.624244,0.89966494,0.632176,0.64453036,0.0,0.0,0.0,2.0672286,0.07688961,2.8043425,2.2492893,1.4331185,0.5457135,0.0,2.070599,0.0,0.0,0.0,3.3012362,0.0,0.0,0.0,3.1072242
0.0,0.0,4.143346,0.5651573,1.4131901,2.9703476,0.7779374,0.0,3.0208416,0.0,0.0,3.9309876,0.0,0.027527422,0.0,1.9997199,2.5971851,1.0060955,0.0,0.0,2.2181232,0.0,1.3759117,2.6477897,0.0,0.40795445,1.6698265,0.0,0.0,0.0,0.0,0.0,0.6430706,2.2109933,1.641054,0.4576836,0.0,0.0,1.4201951,0.0,0.53150624,1.9633378,0.0,0.0,0.0,0.25868344,0.0,0.19873895,0.008396032,3.5689678,0.0,0.0,1.3413835,0.0,2.1689818,0.0,0.0,4.1076765,0.0,0.0,1.4029325,4.9157295,1.1248823,0.0
0.0,0.0,0.0,0.0,0.0,0.0,0.0,0.0,0.41273424,0.9882743,0.46781644,1.1105521,1.1316345,4.083064,0.0,0.31001088,0.0,1.4120828,0.0,0.0,0.0,2.7499125,1.0644195,0.0,0.36428216,0.0,0.0,0.9518147,0.14281042,1.2248487,3.1331458,0.0,0.0,1.9431163,0.0,3.5628178,0.0,0.30911988,0.5601859,0.116318256,3.044518,0.0,0.57345265,1.8939525,2.4907286,0.3725986,1.6325146,0.0,0.0,1.882169,0.0,2.56515,0.0,0.0,0.0,0.0,0.0,0.0,0.0,0.0,0.0,0.0,0.0,0.0
4.6540213,1.1946157,1.3500134,1.4600452,0.0,0.9960562,0.18431945,2.1287773,0.0,2.0155027,0.451971,0.0,0.65503585,0.0,0.0,0.72515494,1.2660288,0.65598834,0.053648457,2.1794548,0.0,0.0,1.8682522,1.0946295,2.8119736,0.0,1.3703424,0.0,0.33128703,0.6954656,1.9863055,1.2493646,0.008075224,0.0,2.7581427,2.8064206,1.9250757,0.113038346,2.2820716,0.0,0.4433703,0.30450138,0.0,1.7930019,1.8054203,0.0,0.0,0.0,0.0,0.0,0.015232,0.0,0.0,0.61662686,0.0,0.0,0.0,0.0,0.0,0.0,1.5198665,0.64670193,0.0,0.0
0.0,0.0,0.7875457,4.698419,0.0,0.0,1.0195215,0.0,0.0,4.596162,0.0,0.6988887,0.0,3.4752758,0.0,1.6858668,0.0,0.0,0.0,0.65758747,0.14701268,3.4512026,2.3039231,1.2557125,0.0,0.0,2.7211058,3.325619,2.1302736,2.083608,0.7367536,1.0790731,2.1091545,0.3031863,1.223527,0.0,0.0,2.433212,0.0,0.32289755,1.3469312,0.0,0.0,1.2947145,0.6466435,0.0,0.0,2.960176,0.0,0.0,0.0,3.610621,0.0,0.0,2.195934,0.0,4.7182703,0.852933,1.6026382,0.0,0.0,1.2040795,0.0,2.4311652
0.0,0.0,0.0,0.031362314,0.0,0.61616576,0.0,0.22818156,3.4171178,0.0,1.9241663,1.8378713,2.4449415,0.0,0.53089,4.92432,2.5659335,0.0,0.9274012,1.6570795,0.0,0.0,0.0,0.0,1.0809112,0.0,0.0,0.0,4.805941,0.0,1.3529888,0.5426877,0.0,0.0,0.0,0.0,0.0,0.0,0.0,0.63393545,0.0,4.176741,0.0,1.0554607,0.7118749,0.57095355,0.0,0.8932753,0.38534477,3.389659,0.8248761,1.0699966,0.0,0.0,0.0,0.0,0.0,6.442179,0.0,1.3038793,0.0,0.70488137,0.0,0.0
0.856708,0.4342988,1.5155772,2.896401,0.0,0.0,2.4635704,0.0,0.2727599,0.0,1.9627522,4.8962536,0.8479914,0.0,0.0,0.0,0.0,0.0,0.0,0.0,1.7265294,1.7141207,0.0,0.0,0.0,1.7722771,0.0,0.965292,0.0,0.0,0.0,3.6053348,3.6242187,0.0,0.0033567958,3.2990487,0.9877235,0.11024119,0.922142,4.307002,0.96827424,0.0,1.6211594,2.4388173,0.65990376,1.8664194,2.8897111,0.0,1.5146317,1.314958,0.60266346,0.9657262,0.0,0.71648717,0.0,0.8203364,1.2178464,1.7223053,0.07213692,1.7187315,0.0,0.0,0.0,0.0
0.0,2.0261722,0.0,0.73884577,0.0,0.6622872,0.0,0.27616298,0.0,0.0,4.727618,2.9251153,0.0,2.9081006,1.8150406,4.186062,0.48675564,0.0,0.0,0.0,0.81968,4.5313234,0.3278752,2.9395564,0.0,0.0,0.27239555,0.0,1.7934889,2.7972531,0.0,4.2817144,0.50497967,0.0,3.5165486,0.0,0.0,1.813767,4.504817,0.9234983,0.0,0.0,1.6873649,3.3801103,0.0,0.0,0.0,1.7266612,0.16678466,0.0,3.4452527,0.0,0.0,1.0494262,1.0687706,4.751473,0.0,2.1993842,0.0,0.0,0.0,0.08577538,0.0,1.2917175
0.0,2.9271405,0.0,0.0,0.0,0.84888935,0.4642502,0.0,0.0,0.77577084,0.6956415,0.0,2.2328207,1.2105291,0.0,0.0,1.170261,0.0,0.16083789,0.0,0.0,0.0,0.0,0.0,0.0,0.0,3.3020706,2.6128511,0.0,1.8601984,0.0,3.0277772,0.0,0.0,0.0,0.0,0.0,1.9623537,0.0,0.0,0.0,0.0,0.02551829,1.2696227,0.0,0.0,1.3455986,0.0,0.0,0.09237967,0.0,0.13826683,1.4461416,0.44031832,0.0,1.0285196,0.0,3.2779703,0.9554092,0.0,0.0,0.6195182,0.0,1.1100091
0.0,0.0,0.0,0.47617465,0.0,1.3599933,1.2473117,1.4641697,0.0,0.0,0.0,1.0120833,0.0,1.6980221,0.0,0.0,0.9611067,0.0,1.3096384,0.0,1.3747548,0.0,0.0,4.2827897,0.0,0.0,0.0,0.9401984,0.0,3.1182618,0.0,0.0,1.31568,2.048022,0.0,0.0,4.6932654,0.21440049,0.25067192,5.2946157,0.0,0.0,0.39148006,0.25946426,0.0,0.0,0.0,2.0635037,0.0,0.0,0.9385969,0.0,0.45109558,0.0,0.23032506,1.6781086,1.1687822,1.0972089,1.804118,0.0,0.0,0.49079812,3.4671144,0.0034258217
0.02323767,3.4284656,0.0,0.0,0.0,6.861712,0.0,0.3198989,0.9663912,1.6085839,1.5951328,3.1375403,0.0,4.146718,0.0,0.0,0.0,2.699778,0.0,0.0,0.70197856,0.0,1.0770328,1.7970817,0.7750164,0.17294432,3.6744716,0.0,1.2563226,1.3046229,0.2932109,0.0,0.0,0.0,0.0,2.7071073,0.0,0.0,0.0,0.0,0.0,0.0,0.0,1.7184782,0.018738618,0.0,1.9233408,0.93269175,0.0,0.0,0.0,0.600575,2.6416595,0.0,0.0,0.0,3.6969054,1.2543724,0.0,3.2518032,5.6927752,2.676725,4.0359054,0.0
0.0,1.5228331,1.8339446,0.0,0.5463972,0.0,0.0,0.0,1.6811695,0.56380194,0.0,0.0,0.0,0.0,1.7530742,0.0,0.0,1.3590931,2.3698642,0.0,0.0,0.0,3.062311,1.9630847,0.0,1.635322,0.0,0.6223035,0.5037659,0.5282034,0.0,0.0,1.0324818,2.6061366,0.0,0.44685572,2.4857326,0.0,0.0,2.01442,0.0,1.2012607,4.7993665,0.0,2.8192384,0.0,0.0,2.2121923,0.0,0.13796645,0.589972,0.0,0.0,0.0,2.015737,1.0806468,0.0,4.733593,0.9444162,0.0,2.4670148,3.8382852,3.1071348,0.0
3.1628354,0.118010476,0.0,0.0,1.3682462,1.1482638,0.0,1.0570239,0.0,0.37854058,0.0,1.3958669,0.23818818,1.3225645,0.0,0.0,0.0,0.6488631,2.3951087,0.0,2.0568051,0.0,5.1534667,1.4896834,0.0,2.2291071,2.4335582,0.0,0.5339243,2.3707047,0.51495034,1.4558876,0.0,2.6534426,2.0546703,1.7862917,3.7505467,0.0,2.6698537,0.0,0.65388495,1.21623,0.4493921,0.0,0.8032642,0.0,0.0,0.0,0.0,4.3128,0.0,0.0,0.0,0.0,1.6496282,1.2973931,3.5495126,1.5249594,0.0,0.7900432,0.0,0.0,0.0,0.52471954
